mm,avg_illuminance
1,22979.083290322582
2,26282.22904255319
3,33695.90029032258
4,40974.4565
5,43440.05009677419
6,46004.7632
7,46825.54958064516
8,42997.33261290323
9,40054.8846
10,34066.38103225806
11,25570.2249
12,19491.377
